id;prompt;sample_answer;max_score;chapter_id
1;Write a short paragraph introducing your family.;우리 가족은 네 명입니다. 아버지, 어머니, 언니, 그리고 저입니다. 아버지는 회사원이시고, 어머니는 주부이십니다. 언니는 대학생입니다.;25;4
2;You received a gift from a friend. Write a thank-you note.;선물 고마워! 정말 마음에 들어. 다음에 만나면 내가 맛있는 저녁 살게.;20;9
3;Write an email to your professor explaining that you will be absent from class.;교수님께,

안녕하세요, [Your Name]입니다.

다름이 아니라, 제가 갑작스러운 개인 사정으로 인해 내일 수업에 참석하기 어려울 것 같습니다.

죄송합니다.

감사합니다,
[Your Name] 드림;30;19
4;Describe your favorite season and explain why you like it.;제가 가장 좋아하는 계절은 가을입니다. 왜냐하면 날씨가 춥지도 덥지도 않아서 여행하기에 좋기 때문입니다. 그리고 아름다운 단풍을 볼 수 있어서 좋습니다.;25;13
5;What is your opinion on learning with slang? Write a short argument for or against it.;저는 속어를 배우는 것이 실제적인 한국어 실력 향상에 도움이 된다고 생각합니다. 비록 공식적인 자리에서는 사용하기 어렵지만, 친구들과의 대화나 드라마, 영화 등을 더 잘 이해할 수 있게 해줍니다.;30;26
